<component>
	<fileSets>
		<fileSet>
			<directory>.</directory>
			<outputDirectory>/</outputDirectory>
			<includes>
				<include>README*</include>
			</includes>
		</fileSet>
		<fileSet>
			<directory>./src/main/bin</directory>
			<outputDirectory>bin</outputDirectory>
			<includes>
				<include>**/*</include>
			</includes>
			<excludes>
				<exclude>**/*</exclude>
			</excludes>
			<fileMode>0755</fileMode>
		</fileSet>
		
		<fileSet>
			<directory>./src/main/resources</directory>
			<outputDirectory>/conf</outputDirectory>
			<includes>
				<include>**/*</include>
			</includes>
		</fileSet>
		<fileSet>
			<directory>./src/main/bin</directory>
			<outputDirectory>/bin</outputDirectory>
			<includes>
				<include>**/*</include>
			</includes>
		</fileSet>
		<fileSet>
			<directory>target</directory>
			<outputDirectory>logs</outputDirectory>
			<excludes>
				<exclude>**/*</exclude>
			</excludes>
		</fileSet>
	</fileSets>
	
	<dependencySets>
		<dependencySet>
			<outputDirectory>lib</outputDirectory>
		</dependencySet>
	</dependencySets>
</component>